{"10-nearest-neighbors": {"classes": ["Archaea", "Bacteria"], "confusion_matrix": [[82, 59], [31, 107]], "train_time": 1.900641412101686, "test_time": 0.011780203133821488, "average_reduced_variance_ratio": 0.9999999999999989, "top1": {"accuracy": 0.6776455026455025, "misclassified_indexes": [7, 11, 12, 13, 17, 19, 20, 22, 26, 27, 28, 31, 34, 35, 39, 44, 48, 49, 50, 51, 52, 53, 58, 62, 63, 67, 70, 71, 73, 74, 75, 77, 79, 80, 83, 85, 86, 87, 88, 89, 91, 93, 96, 97, 100, 104, 107, 108, 113, 114, 115, 117, 120, 125, 126, 131, 132, 136, 139, 142, 146, 152, 158, 161, 166, 179, 180, 184, 185, 190, 205, 207, 210, 222, 230, 237, 241, 242, 246, 248, 251, 252, 261, 262, 263, 265, 266, 267, 269, 272]}}, "nearest-centroid-mean": {"classes": ["Archaea", "Bacteria"], "confusion_matrix": [[111, 30], [103, 35]], "train_time": 1.8781175453215837, "test_time": 0.007897080108523368, "average_reduced_variance_ratio": 0.9999999999999994, "top1": {"accuracy": 0.5235449735449735, "misclassified_indexes": [1, 2, 5, 11, 13, 16, 18, 25, 38, 40, 41, 49, 53, 54, 64, 65, 66, 68, 76, 77, 82, 83, 85, 86, 90, 96, 106, 121, 131, 138, 141, 142, 144, 145, 146, 147, 148, 149, 151, 152, 153, 154, 155, 156, 157, 158, 160, 161, 162, 163, 164, 165, 166, 167, 168, 169, 171, 172, 173, 176, 179, 180, 181, 183, 184, 185, 186, 187, 190, 191, 192, 196, 197, 198, 199, 200, 201, 202, 203, 204, 205, 207, 208, 210, 213, 214, 216, 217, 218, 220, 221, 222, 223, 224, 225, 227, 229, 230, 231, 232, 233, 234, 235, 236, 237, 238, 240, 242, 243, 244, 245, 246, 247, 248, 249, 250, 251, 255, 256, 257, 259, 260, 261, 262, 263, 264, 265, 266, 267, 268, 269, 276, 277]}}, "nearest-centroid-median": {"classes": ["Archaea", "Bacteria"], "confusion_matrix": [[79, 62], [64, 74]], "train_time": 2.1218100426718594, "test_time": 0.014406874030828475, "average_reduced_variance_ratio": 0.9999999999999994, "top1": {"accuracy": 0.5489417989417991, "misclassified_indexes": [1, 2, 4, 5, 6, 10, 11, 13, 14, 16, 18, 21, 24, 25, 27, 30, 33, 37, 38, 40, 41, 44, 45, 47, 49, 50, 53, 54, 62, 64, 65, 66, 68, 75, 76, 77, 81, 82, 83, 85, 86, 90, 91, 94, 96, 99, 101, 103, 105, 106, 110, 113, 117, 120, 121, 123, 125, 130, 131, 133, 138, 140, 141, 142, 145, 146, 149, 151, 152, 154, 155, 156, 157, 158, 160, 162, 163, 165, 167, 169, 171, 172, 176, 185, 187, 190, 191, 197, 199, 200, 201, 202, 203, 204, 205, 207, 210, 214, 217, 218, 222, 225, 227, 229, 230, 232, 233, 234, 235, 236, 237, 238, 240, 243, 245, 247, 248, 250, 251, 257, 261, 262, 266, 268, 269, 276]}}, "logistic-regression": {"classes": ["Archaea", "Bacteria"], "confusion_matrix": [[130, 11], [44, 94]], "train_time": 1.9888382272794842, "test_time": 0.006596127711236477, "average_reduced_variance_ratio": 1.0000000000000004, "top1": {"accuracy": 0.803042328042328, "misclassified_indexes": [257, 130, 261, 267, 276, 151, 155, 156, 157, 31, 162, 165, 37, 167, 171, 172, 49, 51, 180, 56, 185, 187, 190, 191, 199, 200, 201, 72, 203, 204, 77, 202, 214, 88, 218, 221, 222, 224, 225, 227, 230, 232, 233, 234, 235, 236, 237, 238, 107, 240, 243, 245, 246, 247, 126]}}, "sgd": {"classes": ["Archaea", "Bacteria"], "confusion_matrix": [[113, 28], [28, 110]], "train_time": 1.9230016361922027, "test_time": 0.008790949732065201, "average_reduced_variance_ratio": 0.9999999999999997, "top1": {"accuracy": 0.7989417989417991, "misclassified_indexes": [130, 259, 7, 263, 267, 11, 13, 143, 17, 153, 25, 155, 28, 157, 30, 31, 36, 37, 39, 169, 170, 171, 172, 41, 42, 47, 49, 179, 180, 182, 184, 56, 187, 190, 63, 196, 70, 71, 72, 73, 203, 77, 205, 80, 88, 92, 221, 220, 95, 224, 230, 233, 235, 238, 240, 126]}}, "linear-svm": {"classes": ["Archaea", "Bacteria"], "confusion_matrix": [[128, 13], [59, 79]], "train_time": 1.9137801544740796, "test_time": 0.013100512512028217, "average_reduced_variance_ratio": 0.9999999999999997, "top1": {"accuracy": 0.7415343915343915, "misclassified_indexes": [257, 259, 260, 263, 136, 266, 267, 268, 141, 142, 146, 19, 276, 149, 152, 25, 155, 157, 158, 160, 162, 165, 37, 39, 167, 171, 172, 47, 176, 49, 51, 180, 184, 185, 187, 190, 63, 191, 70, 199, 200, 201, 202, 203, 77, 205, 207, 214, 217, 218, 221, 222, 225, 227, 100, 229, 230, 232, 233, 234, 107, 236, 237, 238, 235, 240, 243, 244, 245, 246, 248, 249]}}, "quadratic-svm": {"classes": ["Archaea", "Bacteria"], "confusion_matrix": [[130, 11], [95, 43]], "train_time": 1.9045828562229872, "test_time": 0.01181021574884653, "average_reduced_variance_ratio": 1.0, "top1": {"accuracy": 0.62010582010582, "misclassified_indexes": [2, 5, 13, 25, 41, 49, 54, 77, 96, 131, 138, 141, 142, 144, 145, 146, 147, 149, 151, 152, 153, 154, 155, 156, 157, 158, 160, 161, 162, 163, 164, 165, 166, 167, 168, 169, 171, 172, 173, 176, 180, 181, 183, 184, 185, 186, 187, 190, 191, 192, 196, 197, 199, 200, 201, 202, 203, 204, 205, 207, 208, 210, 214, 216, 217, 218, 221, 222, 223, 224, 225, 227, 229, 230, 231, 232, 233, 234, 235, 236, 237, 238, 240, 242, 243, 244, 245, 246, 247, 248, 250, 251, 255, 257, 259, 260, 261, 262, 263, 265, 266, 267, 268, 269, 276, 277]}}, "cubic-svm": {"classes": ["Archaea", "Bacteria"], "confusion_matrix": [[126, 15], [94, 44]], "train_time": 1.9491851998493075, "test_time": 0.009634440392255783, "average_reduced_variance_ratio": 0.9999999999999994, "top1": {"accuracy": 0.6091269841269842, "misclassified_indexes": [2, 5, 13, 18, 25, 40, 41, 49, 54, 76, 77, 96, 106, 131, 138, 141, 142, 144, 145, 146, 147, 149, 151, 152, 153, 154, 155, 156, 157, 158, 160, 161, 162, 163, 164, 165, 166, 167, 168, 169, 171, 172, 173, 176, 180, 181, 183, 184, 185, 186, 187, 190, 191, 196, 197, 199, 200, 201, 202, 203, 204, 205, 207, 208, 210, 214, 216, 217, 218, 221, 222, 223, 224, 225, 227, 229, 230, 231, 232, 233, 234, 235, 236, 237, 238, 240, 242, 243, 245, 246, 247, 248, 250, 251, 255, 256, 257, 259, 260, 261, 262, 263, 265, 266, 267, 268, 269, 276, 277]}}, "decision-tree": {"classes": ["Archaea", "Bacteria"], "confusion_matrix": [[85, 56], [66, 72]], "train_time": 2.0189080245792868, "test_time": 0.002779805660247803, "average_reduced_variance_ratio": 0.9999999999999998, "top1": {"accuracy": 0.5625661375661377, "misclassified_indexes": [1, 4, 5, 7, 10, 11, 13, 15, 16, 17, 18, 21, 25, 26, 28, 31, 34, 36, 37, 38, 42, 47, 52, 56, 63, 64, 65, 67, 68, 70, 71, 72, 74, 75, 76, 78, 83, 89, 90, 91, 92, 95, 100, 106, 112, 113, 116, 118, 122, 124, 127, 129, 130, 132, 136, 138, 142, 146, 147, 148, 150, 153, 154, 162, 165, 166, 167, 169, 170, 171, 173, 181, 183, 184, 190, 192, 201, 204, 205, 209, 211, 213, 215, 216, 217, 218, 221, 222, 224, 225, 226, 227, 228, 232, 233, 235, 236, 237, 238, 239, 243, 247, 249, 250, 251, 252, 253, 256, 258, 259, 261, 262, 263, 265, 267, 268, 271, 273, 275, 276, 277, 278]}}, "random-forest": {"classes": ["Archaea", "Bacteria"], "confusion_matrix": [[57, 84], [30, 108]], "train_time": 1.9881315544247626, "test_time": 0.004239091649651527, "average_reduced_variance_ratio": 0.9999999999999991, "top1": {"accuracy": 0.5914021164021164, "misclassified_indexes": [1, 2, 4, 5, 6, 7, 10, 12, 13, 14, 16, 17, 21, 23, 27, 29, 30, 32, 34, 37, 38, 39, 40, 42, 45, 46, 48, 49, 50, 51, 53, 54, 55, 59, 60, 62, 64, 65, 66, 68, 70, 71, 72, 74, 76, 77, 80, 81, 82, 85, 88, 90, 94, 95, 96, 100, 101, 102, 104, 106, 107, 108, 109, 110, 111, 112, 113, 114, 116, 118, 121, 122, 123, 124, 125, 126, 131, 132, 135, 136, 137, 138, 139, 140, 142, 146, 147, 148, 153, 158, 171, 176, 182, 184, 190, 195, 196, 205, 206, 208, 212, 220, 222, 235, 242, 244, 248, 251, 257, 264, 267, 273, 275, 276]}}, "adaboost": {"classes": ["Archaea", "Bacteria"], "confusion_matrix": [[104, 37], [46, 92]], "train_time": 2.323128303512931, "test_time": 0.011042127013206482, "average_reduced_variance_ratio": 0.9999999999999998, "top1": {"accuracy": 0.7019841269841269,