{"10-nearest-neighbors": {"classes": ["Archaea", "Bacteria"], "confusion_matrix": [[36, 9], [12, 30]], "train_time": 0.5865696242079139, "test_time": 0.006260343454778194, "average_reduced_variance_ratio": 1.0, "top1": {"accuracy": 0.763888888888889, "misclassified_indexes": [9, 13, 14, 15, 18, 32, 33, 36, 44, 49, 53, 55, 56, 57, 64, 66, 69, 71, 72, 85, 86]}}, "nearest-centroid-mean": {"classes": ["Archaea", "Bacteria"], "confusion_matrix": [[34, 11], [28, 14]], "train_time": 0.5524942487478256, "test_time": 0.005851413868367672, "average_reduced_variance_ratio": 0.9999999999999997, "top1": {"accuracy": 0.5583333333333333, "misclassified_indexes": [6, 13, 15, 18, 19, 24, 32, 36, 38, 40, 44, 45, 49, 51, 52, 53, 55, 56, 57, 59, 60, 61, 62, 63, 64, 66, 69, 70, 71, 72, 74, 76, 78, 79, 80, 82, 83, 84, 86]}}, "nearest-centroid-median": {"classes": ["Archaea", "Bacteria"], "confusion_matrix": [[32, 13], [13, 29]], "train_time": 0.5836747124791145, "test_time": 0.007941176928579808, "average_reduced_variance_ratio": 1.0000000000000004, "top1": {"accuracy": 0.6972222222222222, "misclassified_indexes": [6, 9, 13, 15, 18, 19, 24, 32, 33, 36, 38, 40, 44, 49, 53, 55, 56, 57, 64, 66, 69, 71, 72, 79, 82, 86]}}, "logistic-regression": {"classes": ["Archaea", "Bacteria"], "confusion_matrix": [[45, 0], [8, 34]], "train_time": 0.5825297331437469, "test_time": 0.009505410864949226, "average_reduced_variance_ratio": 0.9999999999999998, "top1": {"accuracy": 0.9041666666666668, "misclassified_indexes": [66, 69, 71, 73, 49, 81, 52, 86]}}, "sgd": {"classes": ["Archaea", "Bacteria"], "confusion_matrix": [[35, 10], [5, 37]], "train_time": 0.5802843382582068, "test_time": 0.004508556053042412, "average_reduced_variance_ratio": 1.0000000000000004, "top1": {"accuracy": 0.825, "misclassified_indexes": [0, 34, 4, 71, 40, 73, 39, 9, 13, 16, 20, 21, 86, 84, 85]}}, "linear-svm": {"classes": ["Archaea", "Bacteria"], "confusion_matrix": [[44, 1], [4, 38]], "train_time": 0.500459216721356, "test_time": 0.004904965497553348, "average_reduced_variance_ratio": 1.0000000000000004, "top1": {"accuracy": 0.9416666666666667, "misclassified_indexes": [66, 71, 49, 86, 25]}}, "quadratic-svm": {"classes": ["Archaea", "Bacteria"], "confusion_matrix": [[43, 2], [12, 30]], "train_time": 0.6044653015211224, "test_time": 0.008612876944243907, "average_reduced_variance_ratio": 0.9999999999999997, "top1": {"accuracy": 0.8402777777777777, "misclassified_indexes": [64, 66, 36, 69, 71, 72, 79, 49, 19, 53, 86, 55, 56, 57]}}, "cubic-svm": {"classes": ["Archaea", "Bacteria"], "confusion_matrix": [[41, 4], [11, 31]], "train_time": 0.6015808276832104, "test_time": 0.007392815127968788, "average_reduced_variance_ratio": 0.9999999999999994, "top1": {"accuracy": 0.8277777777777778, "misclassified_indexes": [64, 66, 36, 69, 71, 40, 72, 79, 49, 18, 19, 53, 86, 56, 57]}}, "decision-tree": {"classes": ["Archaea", "Bacteria"], "confusion_matrix": [[38, 7], [17, 25]], "train_time": 0.536298218369484, "test_time": 0.005673428811132908, "average_reduced_variance_ratio": 1.0, "top1": {"accuracy": 0.7194444444444444, "misclassified_indexes": [6, 7, 15, 29, 32, 34, 38, 47, 49, 50, 52, 57, 58, 60, 63, 64, 65, 66, 68, 72, 76, 78, 81, 82]}}, "random-forest": {"classes": ["Archaea", "Bacteria"], "confusion_matrix": [[37, 8], [13, 29]], "train_time": 0.6125166324898601, "test_time": 0.008515873365104199, "average_reduced_variance_ratio": 0.9999999999999993, "top1": {"accuracy": 0.7597222222222223, "misclassified_indexes": [7, 9, 14, 18, 28, 36, 40, 44, 48, 49, 50, 53, 55, 61, 64, 66, 72, 73, 79, 84, 86]}}, "adaboost": {"classes": ["Archaea", "Bacteria"], "confusion_matrix": [[42, 3], [13, 29]], "train_time": 0.7132452024146915, "test_time": 0.005838620103895664, "average_reduced_variance_ratio": 1.0, "top1": {"accuracy": 0.8152777777777777, "misclassified_indexes": [66, 36, 69, 71, 72, 73, 76, 13, 77, 81, 49, 82, 52, 86, 25, 62]}}, "gaussian-naive-bayes": {"classes": ["Archaea", "Bacteria"], "confusion_matrix": [[45, 0], [42, 0]], "train_time": 0.5724951241165399, "test_time": 0.006902816332876682, "average_reduced_variance_ratio": 0.9999999999999998, "top1": {"accuracy": 0.5208333333333333, "misclassified_indexes": [45, 46, 47, 48, 49, 50, 51, 52, 53, 54, 55, 56, 57, 58, 59, 60, 61, 62, 63, 64, 65, 66, 67, 68, 69, 70, 71, 72, 73, 74, 75, 76, 77, 78, 79, 80, 81, 82, 83, 84, 85, 86]}}, "lda": {"classes": ["Archaea", "Bacteria"], "confusion_matrix": [[36, 9], [34, 8]], "train_time": 1.0369759239256382, "test_time": 0.006790383346378803, "average_reduced_variance_ratio": 1.0, "top1": {"accuracy": 0.5027777777777778, "misclassified_indexes": [1, 3, 4, 8, 15, 18, 27, 31, 37, 45, 46, 47, 49, 50, 52, 53, 54, 55, 56, 57, 59, 60, 61, 62, 63, 64, 66, 67, 68, 69, 70, 72, 73, 74, 75, 76, 77, 78, 79, 80, 81, 84, 86]}}, "qda": {"classes": ["Archaea", "Bacteria"], "confusion_matrix": [[30, 15], [15, 27]], "train_time": 2.387430380657315, "test_time": 0.011295710504055024, "average_reduced_variance_ratio": 1.0000000000000004, "top1": {"accuracy": 0.6541666666666667, "misclassified_indexes": [2, 5, 7, 8, 11, 12, 17, 20, 23, 25, 30, 34, 36, 37, 43, 49, 50, 53, 54, 58, 59, 66, 67, 68, 73, 74, 77, 79, 81, 85]}}, "multilayer-perceptron": {"classes": ["Archaea", "Bacteria"], "confusion_matrix": [[44, 1], [4, 38]], "train_time": 2.475949945487082, "test_time": 0.0008862657472491264, "average_reduced_variance_ratio": 0.9999999999999997, "top1": {"accuracy": 0.9416666666666667, "misclassified_indexes": [66, 71, 73, 86, 23]}}}