{"10-nearest-neighbors": {"classes": ["Archaea", "Bacteria"], "confusion_matrix": [[33, 12], [18, 24]], "train_time": 0.35114855598658323, "test_time": 0.006401747465133667, "average_reduced_variance_ratio": 0.9999999999999996, "top1": {"accuracy": 0.6553911205073996, "misclassified_indexes": [9, 14, 15, 19, 24, 32, 33, 36, 38, 40, 43, 44, 45, 48, 49, 53, 56, 57, 62, 64, 66, 69, 70, 71, 72, 76, 79, 80, 82, 86]}}, "nearest-centroid-mean": {"classes": ["Archaea", "Bacteria"], "confusion_matrix": [[35, 10], [28, 14]], "train_time": 0.3292452543973923, "test_time": 0.003772234544157982, "average_reduced_variance_ratio": 0.9999999999999989, "top1": {"accuracy": 0.5631606765327695, "misclassified_indexes": [6, 13, 15, 18, 19, 24, 32, 36, 38, 40, 45, 49, 51, 53, 55, 56, 57, 59, 60, 61, 62, 63, 64, 66, 67, 69, 70, 71, 72, 74, 76, 78, 79, 80, 82, 83, 84, 86]}}, "nearest-centroid-median": {"classes": ["Archaea", "Bacteria"], "confusion_matrix": [[32, 13], [15, 27]], "train_time": 0.3524280982092023, "test_time": 0.0035207998007535934, "average_reduced_variance_ratio": 1.0000000000000004, "top1": {"accuracy": 0.6778541226215645, "misclassified_indexes": [6, 9, 13, 15, 18, 19, 24, 32, 33, 36, 38, 40, 44, 49, 53, 55, 56, 57, 61, 64, 66, 69, 71, 72, 79, 82, 84, 86]}}, "logistic-regression": {"classes": ["Archaea", "Bacteria"], "confusion_matrix": [[45, 0], [10, 32]], "train_time": 0.341793161816895, "test_time": 0.006604297086596489, "average_reduced_variance_ratio": 0.9999999999999993, "top1": {"accuracy": 0.8858350951374208, "misclassified_indexes": [64, 66, 69, 73, 49, 50, 81, 52, 86, 56]}}, "sgd": {"classes": ["Archaea", "Bacteria"], "confusion_matrix": [[42, 3], [0, 42]], "train_time": 0.40597228426486254, "test_time": 0.00704440101981163, "average_reduced_variance_ratio": 1.0000000000000002, "top1": {"accuracy": 0.9653805496828753, "misclassified_indexes": [34, 36, 7]}}, "linear-svm": {"classes": ["Archaea", "Bacteria"], "confusion_matrix": [[42, 3], [9, 33]], "train_time": 0.36158403009176254, "test_time": 0.010096525773406029, "average_reduced_variance_ratio": 1.000000000000001, "top1": {"accuracy": 0.8628435517970401, "misclassified_indexes": [64, 66, 36, 71, 79, 49, 82, 18, 84, 53, 86, 23]}}, "quadratic-svm": {"classes": ["Archaea", "Bacteria"], "confusion_matrix": [[42, 3], [8, 34]], "train_time": 0.4282255256548524, "test_time": 0.010899702087044716, "average_reduced_variance_ratio": 1.0000000000000007, "top1": {"accuracy": 0.8728858350951374, "misclassified_indexes": [64, 66, 71, 43, 15, 49, 53, 86, 56, 25, 60]}}, "cubic-svm": {"classes": ["Archaea", "Bacteria"], "confusion_matrix": [[35, 10], [8, 34]], "train_time": 0.36314195953309536, "test_time": 0.008244645781815052, "average_reduced_variance_ratio": 0.9999999999999996, "top1": {"accuracy": 0.7936046511627907, "misclassified_indexes": [64, 34, 66, 36, 4, 35, 71, 40, 72, 43, 15, 49, 18, 19, 53, 86, 56, 25]}}, "decision-tree": {"classes": ["Archaea", "Bacteria"], "confusion_matrix": [[35, 10], [14, 28]], "train_time": 0.3462224891409278, "test_time": 0.0030337460339069366, "average_reduced_variance_ratio": 0.9999999999999989, "top1": {"accuracy": 0.7243657505285412, "misclassified_indexes": [8, 13, 15, 18, 19, 27, 35, 37, 38, 42, 51, 53, 56, 58, 62, 64, 66, 69, 71, 79, 81, 82, 84, 86]}}, "random-forest": {"classes": ["Archaea", "Bacteria"], "confusion_matrix": [[30, 15], [8, 34]], "train_time": 0.37231693882495165, "test_time": 0.0047462014481425285, "average_reduced_variance_ratio": 0.9999999999999998, "top1": {"accuracy": 0.7359936575052854, "misclassified_indexes": [13, 14, 18, 24, 25, 28, 32, 33, 36, 37, 39, 40, 42, 43, 44, 49, 52, 66, 69, 72, 82, 84, 85]}}, "adaboost": {"classes": ["Archaea", "Bacteria"], "confusion_matrix": [[35, 10], [9, 33]], "train_time": 0.5882721338421106, "test_time": 0.009505181573331356, "average_reduced_variance_ratio": 0.9999999999999993, "top1": {"accuracy": 0.7814482029598309, "misclassified_indexes": [32, 66, 34, 4, 36, 71, 7, 73, 9, 43, 44, 14, 48, 49, 82, 86, 56, 26, 61]}}, "gaussian-naive-bayes": {"classes": ["Archaea", "Bacteria"], "confusion_matrix": [[42, 3], [41, 1]], "train_time": 0.39234409481287, "test_time": 0.006934646517038345, "average_reduced_variance_ratio": 0.9999999999999996, "top1": {"accuracy": 0.4923361522198732, "misclassified_indexes": [17, 22, 42, 45, 46, 47, 48, 49, 50, 51, 52, 53, 54, 55, 56, 57, 58, 59, 60, 61, 62, 63, 64, 65, 67, 68, 69, 70, 71, 72, 73, 74, 75, 76, 77, 78, 79, 80, 81, 82, 83, 84, 85, 86]}}, "lda": {"classes": ["Archaea", "Bacteria"], "confusion_matrix": [[18, 27], [26, 16]], "train_time": 0.3184378780424595, "test_time": 0.004593442194163799, "average_reduced_variance_ratio": 1.0, "top1": {"accuracy": 0.39085623678646936, "misclassified_indexes": [0, 1, 3, 5, 7, 8, 9, 10, 11, 15, 16, 18, 19, 21, 22, 23, 24, 25, 27, 30, 33, 34, 35, 36, 41, 42, 44, 45, 49, 50, 54, 56, 60, 61, 62, 64, 65, 66, 67, 68, 69, 70, 72, 73, 74, 75, 76, 77, 78, 80, 81, 84, 85]}}, "qda": {"classes": ["Archaea", "Bacteria"], "confusion_matrix": [[22, 23], [6, 36]], "train_time": 0.4085738090798259, "test_time": 0.008674201555550098, "average_reduced_variance_ratio": 1.0, "top1": {"accuracy": 0.6664904862579282, "misclassified_indexes": [0, 4, 5, 7, 12, 16, 17, 18, 21, 24, 25, 27, 28, 30, 31, 32, 34, 35, 36, 39, 40, 41, 42, 49, 50, 66, 82, 84, 86]}}, "multilayer-perceptron": {"classes": ["Archaea", "Bacteria"], "confusion_matrix": [[45, 0], [5, 37]], "train_time": 0.5744733083993196, "test_time": 0.0020840587094426155, "average_reduced_variance_ratio": 0.9999999999999997, "top1": {"accuracy": 0.9426532769556026, "misclassified_indexes": [66, 71, 53, 86, 60]}}}