{"10-nearest-neighbors": {"classes": ["Archaea", "Bacteria"], "confusion_matrix": [[227, 65], [23, 262]], "train_time": 0.7121080446988344, "test_time": 0.014163785614073277, "average_reduced_variance_ratio": 0.9994318117748785, "top1": {"accuracy": 0.847731397459165, "misclassified_indexes": [4, 517, 5, 8, 11, 19, 21, 22, 539, 28, 29, 543, 544, 31, 37, 39, 561, 50, 51, 53, 55, 56, 57, 64, 74, 82, 86, 88, 89, 90, 91, 120, 122, 129, 136, 139, 140, 143, 145, 146, 147, 148, 150, 152, 156, 162, 164, 171, 177, 180, 181, 191, 194, 201, 206, 207, 209, 211, 214, 215, 226, 232, 236, 241, 246, 247, 253, 268, 277, 282, 296, 297, 324, 325, 336, 354, 359, 362, 386, 396, 415, 460, 463, 470, 476, 500, 501, 506]}}, "nearest-centroid-mean": {"classes": ["Archaea", "Bacteria"], "confusion_matrix": [[233, 59], [185, 100]], "train_time": 0.686077381670475, "test_time": 0.0075807999819517136, "average_reduced_variance_ratio": 0.9994310922783194, "top1": {"accuracy": 0.5773442226255293, "misclassified_indexes": [513, 515, 516, 517, 518, 519, 520, 521, 8, 523, 14, 530, 531, 532, 533, 22, 536, 25, 538, 537, 28, 27, 542, 539, 544, 545, 547, 36, 549, 37, 551, 552, 553, 554, 555, 44, 557, 46, 558, 556, 561, 562, 565, 567, 568, 569, 573, 574, 575, 65, 69, 78, 80, 84, 90, 91, 94, 97, 99, 101, 113, 116, 117, 118, 121, 124, 142, 143, 146, 147, 150, 153, 156, 159, 171, 175, 177, 180, 181, 183, 191, 192, 197, 198, 202, 207, 212, 214, 220, 229, 239, 244, 248, 266, 271, 282, 286, 291, 292, 293, 294, 296, 297, 298, 299, 301, 303, 304, 305, 306, 308, 309, 310, 311, 312, 314, 315, 316, 317, 318, 320, 321, 323, 324, 325, 327, 328, 329, 330, 334, 335, 336, 337, 338, 339, 340, 341, 342, 343, 345, 347, 348, 349, 350, 351, 353, 354, 355, 356, 359, 360, 364, 366, 370, 371, 376, 377, 379, 382, 384, 386, 388, 389, 390, 391, 392, 393, 394, 396, 397, 399, 401, 402, 404, 405, 406, 407, 408, 411, 412, 413, 414, 415, 416, 418, 419, 421, 422, 426, 427, 428, 429, 432, 436, 437, 440, 441, 442, 443, 447, 449, 453, 454, 455, 456, 457, 458, 459, 460, 462, 463, 464, 466, 467, 468, 473, 474, 476, 478, 480, 482, 483, 484, 485, 492, 493, 494, 495, 496, 497, 498, 499, 500, 501, 502, 503, 504, 505, 506, 507, 508, 509, 510, 511]}}, "nearest-centroid-median": {"classes": ["Archaea", "Bacteria"], "confusion_matrix": [[218, 74], [101, 184]], "train_time": 0.5471562629565596, "test_time": 0.00551555473357439, "average_reduced_variance_ratio": 0.9994310343535405, "top1": {"accuracy": 0.6965214761040532, "misclassified_indexes": [513, 4, 517, 516, 8, 521, 523, 14, 530, 531, 533, 22, 25, 538, 539, 28, 27, 31, 544, 545, 36, 37, 549, 39, 554, 555, 44, 556, 46, 561, 567, 56, 574, 575, 64, 65, 69, 78, 80, 82, 84, 88, 89, 90, 91, 94, 97, 99, 101, 113, 116, 117, 118, 121, 124, 142, 143, 145, 146, 147, 148, 150, 153, 156, 159, 164, 171, 175, 177, 180, 181, 183, 191, 192, 197, 198, 202, 207, 212, 214, 220, 226, 229, 232, 239, 244, 247, 248, 253, 266, 271, 282, 286, 291, 294, 296, 297, 298, 310, 312, 316, 317, 318, 321, 323, 324, 325, 327, 329, 334, 335, 336, 337, 338, 339, 342, 343, 347, 348, 349, 350, 353, 354, 359, 366, 370, 371, 376, 386, 388, 389, 392, 393, 394, 396, 399, 401, 402, 405, 407, 408, 411, 413, 414, 415, 416, 418, 421, 422, 426, 427, 428, 429, 436, 453, 456, 458, 459, 460, 463, 473, 474, 476, 483, 492, 493, 494, 497, 498, 500, 501, 504, 506, 510, 511]}}, "logistic-regression": {"classes": ["Archaea", "Bacteria"], "confusion_matrix": [[282, 10], [38, 247]], "train_time": 0.6263759130612016, "test_time": 0.004577772319316864, "average_reduced_variance_ratio": 0.9994308978045607, "top1": {"accuracy": 0.916636418632789, "misclassified_indexes": [386, 516, 517, 394, 523, 396, 407, 408, 538, 539, 28, 156, 415, 544, 296, 297, 426, 427, 298, 561, 177, 180, 181, 316, 318, 323, 324, 69, 325, 458, 460, 463, 336, 335, 338, 212, 476, 354, 229, 359, 232, 371, 500, 501, 116, 376, 506, 510]}}, "sgd": {"classes": ["Archaea", "Bacteria"], "confusion_matrix": [[237, 55], [12, 273]], "train_time": 0.5341524805873632, "test_time": 0.004628230072557926, "average_reduced_variance_ratio": 0.9994307831425161, "top1": {"accuracy": 0.8832425892316997, "misclassified_indexes": [4, 5, 262, 135, 136, 8, 138, 523, 12, 139, 270, 266, 141, 14, 146, 21, 22, 279, 150, 538, 28, 286, 415, 31, 418, 36, 171, 44, 177, 562, 433, 180, 53, 49, 187, 316, 194, 324, 74, 203, 202, 206, 336, 211, 212, 85, 214, 215, 88, 119, 217, 481, 229, 101, 102, 232, 233, 123, 236, 237, 238, 239, 500, 246, 375, 120, 251]}}, "linear-svm": {"classes": ["Archaea", "Bacteria"], "confusion_matrix": [[280, 12], [25, 260]], "train_time": 0.593388762511313, "test_time": 0.006418071128427983, "average_reduced_variance_ratio": 0.9994305624596225, "top1": {"accuracy": 0.9357531760435572, "misclassified_indexes": [386, 394, 523, 396, 408, 538, 539, 156, 28, 415, 544, 296, 297, 427, 46, 561, 177, 180, 181, 316, 318, 191, 324, 325, 335, 336, 463, 212, 90, 476, 229, 359, 232, 500, 501, 116, 510]}}, "quadratic-svm": {"classes": ["Archaea", "Bacteria"], "confusion_matrix": [[282, 10], [132, 153]], "train_time": 0.7626018291339278, "test_time": 0.007814070582389832, "average_reduced_variance_ratio": 0.99943062868567, "top1": {"accuracy": 0.7539927404718693, "misclassified_indexes": [513, 515, 516, 517, 521, 523, 530, 531, 532, 533, 22, 538, 539, 28, 543, 544, 545, 549, 552, 554, 555, 556, 557, 561, 562, 565, 567, 573, 574, 575, 69, 156, 177, 180, 181, 212, 229, 244, 292, 294, 296, 297, 298, 299, 301, 305, 310, 312, 316, 317, 318, 320, 321, 323, 324, 325, 327, 329, 334, 335, 336, 337, 338, 339, 342, 343, 347, 348, 349, 350, 351, 353, 354, 359, 362, 364, 366, 370, 371, 376, 382, 384, 386, 388, 389, 390, 392, 393, 394, 396, 399, 401, 402, 405, 406, 407, 408, 411, 413, 414, 415, 416, 418, 419, 421, 422, 426, 427, 428, 429, 433, 436, 442, 453, 454, 456, 458, 459, 460, 462, 463, 467, 468, 473, 474, 476, 478, 483, 492, 493, 494, 496, 497, 498, 500, 501, 503, 504, 506, 509, 510, 511]}}, "cubic-svm": {"classes": ["Archaea", "Bacteria"], "confusion_matrix": [[279, 13], [131, 154]], "train_time": 0.8247757282108068, "test_time": 0.006970741599798202, "average_reduced_variance_ratio": 0.9994308321091726, "top1": {"accuracy": 0.7501512401693889, "misclassified_indexes": [513, 515, 516, 517, 521, 523, 530, 531, 532, 533, 538, 539, 28, 544, 545, 549, 552, 554, 555, 44, 556, 557, 561, 562, 565, 567, 573, 574, 575, 69, 156, 159, 171, 177, 180, 181, 197, 212, 229, 244, 292, 294, 296, 297, 298, 299, 305, 310, 312, 316, 317, 318, 320, 321, 323, 324, 325, 327, 329, 334, 335, 336, 337, 338, 339, 342, 343, 347, 348, 349, 350, 351, 353, 354, 359, 364, 366, 370, 371, 376, 382, 384, 386, 388, 389, 390, 392, 393, 394, 396, 399, 401, 402, 404, 405, 406, 407, 408, 411, 412, 413, 414, 415, 416, 418, 419, 421, 422, 426, 427, 428, 429, 436, 442, 453, 454, 456, 458, 459, 460, 463, 467, 473, 474, 476, 478, 481, 483, 484, 492, 493, 494, 496, 497, 498, 500, 501, 503, 504, 506, 507, 509, 510, 511]}}, "decision-tree": {"classes": ["Archaea", "Bacteria"], "confusion_matrix": [[240, 52], [47, 238]], "train_time": 0.8365014964714647, "test_time": 0.0033381123095750807, "average_reduced_variance_ratio": 0.9994293060864002, "top1": {"accuracy": 0.828463399879008, "misclassified_indexes": [4, 5, 523, 530, 531, 19, 22, 23, 537, 25, 27, 28, 33, 548, 37, 549, 559, 562, 53, 57, 61, 88, 90, 91, 93, 115, 116, 117, 129, 136, 138, 145, 156, 161, 164, 175, 177, 180, 181, 185, 192, 194, 196, 206, 209, 211, 212, 214, 215, 220, 222, 236, 241, 243, 253, 256, 257, 265, 268, 286, 296, 297, 302, 305, 307, 312, 318, 322, 326, 328, 331, 336, 347, 351, 357, 358, 359, 371, 377, 378, 384, 385, 386, 401, 402, 415, 427, 431, 453, 462, 463, 468, 471, 476, 479, 481, 500, 501, 510]}}, "random-forest": {"classes": ["Archaea", "Bacteria"], "confusion_matrix": [[230, 62], [27, 258]], "train_time": 0.8424656549468637, "test_time": 0.0023561669513583183, "average_reduced_variance_ratio": 0.9994309476532491, "top1": {"accuracy": 0.845825771324864,