{"10-nearest-neighbors": {"classes": ["Archaea", "Bacteria"], "confusion_matrix": [[34, 11], [12, 30]], "train_time": 0.14521981868892908, "test_time": 0.007529136724770069, "average_reduced_variance_ratio": 0.9999999999999998, "top1": {"accuracy": 0.7354651162790697, "misclassified_indexes": [9, 13, 18, 19, 24, 32, 33, 36, 38, 40, 44, 49, 53, 55, 56, 57, 64, 66, 69, 71, 79, 85, 86]}}, "nearest-centroid-mean": {"classes": ["Archaea", "Bacteria"], "confusion_matrix": [[34, 11], [26, 16]], "train_time": 0.06889815628528595, "test_time": 0.0038231369107961655, "average_reduced_variance_ratio": 1.0000000000000016, "top1": {"accuracy": 0.5755813953488372, "misclassified_indexes": [6, 13, 15, 18, 19, 24, 32, 36, 38, 40, 44, 45, 49, 51, 52, 53, 55, 56, 57, 59, 60, 61, 62, 63, 64, 66, 69, 70, 71, 72, 76, 79, 80, 82, 83, 84, 86]}}, "nearest-centroid-median": {"classes": ["Archaea", "Bacteria"], "confusion_matrix": [[32, 13], [15, 27]], "train_time": 0.12711747735738754, "test_time": 0.004985295236110687, "average_reduced_variance_ratio": 0.9999999999999984, "top1": {"accuracy": 0.6781183932346724, "misclassified_indexes": [6, 9, 13, 15, 18, 19, 24, 32, 36, 38, 40, 43, 44, 45, 49, 53, 55, 56, 57, 62, 64, 66, 69, 71, 72, 79, 84, 86]}}, "logistic-regression": {"classes": ["Archaea", "Bacteria"], "confusion_matrix": [[39, 6], [10, 32]], "train_time": 0.09179241862148046, "test_time": 0.001213081181049347, "average_reduced_variance_ratio": 0.9999999999999989, "top1": {"accuracy": 0.8163319238900634, "misclassified_indexes": [64, 34, 66, 36, 35, 69, 7, 71, 73, 49, 81, 52, 86, 56, 25, 28]}}, "sgd": {"classes": ["Archaea", "Bacteria"], "confusion_matrix": [[32, 13], [5, 37]], "train_time": 0.16026702150702477, "test_time": 0.002639496698975563, "average_reduced_variance_ratio": 0.9999999999999991, "top1": {"accuracy": 0.7920190274841438, "misclassified_indexes": [66, 3, 34, 69, 36, 7, 39, 73, 41, 43, 12, 13, 46, 42, 81, 27, 28, 31]}}, "linear-svm": {"classes": ["Archaea", "Bacteria"], "confusion_matrix": [[44, 1], [9, 33]], "train_time": 0.15268871746957302, "test_time": 0.0031088879331946373, "average_reduced_variance_ratio": 0.9999999999999996, "top1": {"accuracy": 0.885306553911205, "misclassified_indexes": [64, 66, 69, 71, 49, 18, 53, 86, 56, 57]}}, "quadratic-svm": {"classes": ["Archaea", "Bacteria"], "confusion_matrix": [[42, 3], [13, 29]], "train_time": 0.07314284704625607, "test_time": 0.0028404751792550087, "average_reduced_variance_ratio": 0.9999999999999993, "top1": {"accuracy": 0.8163319238900634, "misclassified_indexes": [64, 66, 36, 69, 71, 40, 73, 72, 44, 79, 49, 53, 86, 55, 56, 57]}}, "cubic-svm": {"classes": ["Archaea", "Bacteria"], "confusion_matrix": [[40, 5], [16, 26]], "train_time": 0.25339735485613346, "test_time": 0.003549499437212944, "average_reduced_variance_ratio": 1.000000000000001, "top1": {"accuracy": 0.7592494714587739, "misclassified_indexes": [18, 19, 24, 36, 40, 49, 53, 55, 56, 57, 60, 64, 66, 69, 71, 72, 73, 79, 82, 84, 86]}}, "decision-tree": {"classes": ["Archaea", "Bacteria"], "confusion_matrix": [[32, 13], [16, 26]], "train_time": 0.12238208204507828, "test_time": 0.0024867216125130653, "average_reduced_variance_ratio": 1.0, "top1": {"accuracy": 0.665169133192389, "misclassified_indexes": [0, 4, 6, 7, 13, 14, 18, 23, 25, 29, 33, 37, 40, 45, 46, 49, 52, 53, 54, 58, 59, 62, 65, 66, 69, 75, 80, 83, 86]}}, "random-forest": {"classes": ["Archaea", "Bacteria"], "confusion_matrix": [[35, 10], [10, 32]], "train_time": 0.27977519296109676, "test_time": 0.00807945802807808, "average_reduced_variance_ratio": 1.0000000000000018, "top1": {"accuracy": 0.7695560253699788, "misclassified_indexes": [64, 66, 2, 36, 6, 7, 71, 40, 38, 44, 77, 46, 80, 49, 18, 82, 48, 52, 22, 25]}}, "adaboost": {"classes": ["Archaea", "Bacteria"], "confusion_matrix": [[38, 7], [8, 34]], "train_time": 1.575230016373098, "test_time": 0.007200432941317558, "average_reduced_variance_ratio": 0.9999999999999993, "top1": {"accuracy": 0.8271670190274841, "misclassified_indexes": [64, 66, 67, 36, 37, 69, 7, 73, 12, 77, 15, 49, 86, 22, 28]}}, "gaussian-naive-bayes": {"classes": ["Archaea", "Bacteria"], "confusion_matrix": [[45, 0], [42, 0]], "train_time": 1.3611364690586925, "test_time": 0.004556045867502689, "average_reduced_variance_ratio": 1.0000000000000007, "top1": {"accuracy": 0.517706131078224, "misclassified_indexes": [45, 46, 47, 48, 49, 50, 51, 52, 53, 54, 55, 56, 57, 58, 59, 60, 61, 62, 63, 64, 65, 66, 67, 68, 69, 70, 71, 72, 73, 74, 75, 76, 77, 78, 79, 80, 81, 82, 83, 84, 85, 86]}}, "lda": {"classes": ["Archaea", "Bacteria"], "confusion_matrix": [[19, 26], [25, 17]], "train_time": 1.3430550917983055, "test_time": 0.06694849021732807, "average_reduced_variance_ratio": 0.9999999999999998, "top1": {"accuracy": 0.415169133192389, "misclassified_indexes": [1, 2, 3, 4, 5, 6, 8, 9, 11, 12, 13, 17, 18, 19, 22, 23, 28, 29, 33, 34, 35, 36, 37, 38, 41, 42, 45, 47, 49, 52, 55, 56, 59, 61, 62, 64, 65, 67, 68, 69, 70, 71, 74, 76, 77, 78, 79, 80, 81, 82, 86]}}, "qda": {"classes": ["Archaea", "Bacteria"], "confusion_matrix": [[26, 19], [5, 37]], "train_time": 1.2106313491240144, "test_time": 0.008501998148858547, "average_reduced_variance_ratio": 1.0000000000000004, "top1": {"accuracy": 0.7256871035940803, "misclassified_indexes": [0, 2, 4, 5, 7, 12, 17, 20, 21, 23, 26, 27, 31, 34, 35, 36, 39, 41, 43, 46, 62, 64, 73, 81]}}, "multilayer-perceptron": {"classes": ["Archaea", "Bacteria"], "confusion_matrix": [[43, 2], [9, 33]], "train_time": 1.4433268066495657, "test_time": 0.0011054212227463722, "average_reduced_variance_ratio": 1.0, "top1": {"accuracy": 0.8734143763213531, "misclassified_indexes": [66, 69, 71, 40, 73, 49, 52, 53, 86, 24, 56]}}}