{"10-nearest-neighbors": {"classes": ["Archaea", "Bacteria"], "confusion_matrix": [[89, 52], [35, 103]], "train_time": 0.6462168112397194, "test_time": 0.0067097930237650875, "average_reduced_variance_ratio": 0.9999853298227889, "top1": {"accuracy": 0.6883597883597883, "misclassified_indexes": [4, 8, 10, 12, 13, 15, 17, 19, 22, 29, 34, 35, 37, 39, 40, 44, 48, 49, 51, 53, 55, 56, 62, 67, 70, 71, 74, 75, 77, 78, 83, 85, 86, 88, 91, 96, 107, 110, 113, 114, 117, 118, 120, 125, 126, 130, 131, 132, 133, 136, 139, 140, 141, 142, 146, 152, 156, 159, 161, 176, 179, 182, 184, 187, 190, 196, 207, 210, 214, 221, 222, 228, 229, 236, 237, 238, 242, 246, 248, 250, 251, 261, 263, 266, 267, 269, 277]}}, "nearest-centroid-mean": {"classes": ["Archaea", "Bacteria"], "confusion_matrix": [[110, 31], [102, 36]], "train_time": 0.497306807525456, "test_time": 0.00482768639922142, "average_reduced_variance_ratio": 0.9999853236136989, "top1": {"accuracy": 0.5231481481481481, "misclassified_indexes": [1, 2, 5, 11, 13, 16, 18, 21, 25, 38, 40, 41, 49, 53, 54, 64, 65, 66, 68, 76, 77, 82, 83, 85, 90, 96, 103, 106, 121, 131, 138, 141, 142, 144, 145, 146, 147, 148, 149, 151, 152, 153, 154, 155, 156, 157, 158, 160, 161, 162, 163, 164, 165, 166, 167, 168, 169, 171, 172, 173, 176, 180, 181, 183, 184, 185, 186, 187, 190, 191, 192, 196, 197, 199, 200, 201, 202, 203, 204, 205, 207, 208, 210, 213, 214, 216, 217, 218, 220, 221, 222, 223, 225, 226, 227, 229, 230, 231, 232, 233, 234, 235, 236, 237, 238, 239, 240, 242, 243, 244, 245, 246, 247, 248, 250, 251, 255, 256, 257, 259, 260, 261, 262, 263, 264, 265, 266, 267, 268, 269, 271, 276, 277]}}, "nearest-centroid-median": {"classes": ["Archaea", "Bacteria"], "confusion_matrix": [[79, 62], [64, 74]], "train_time": 0.49277806375175714, "test_time": 0.005568624101579189, "average_reduced_variance_ratio": 0.9999854130558692, "top1": {"accuracy": 0.548015873015873, "misclassified_indexes": [1, 2, 4, 5, 6, 10, 11, 13, 14, 16, 18, 21, 24, 25, 27, 30, 33, 37, 38, 40, 41, 44, 45, 47, 49, 50, 53, 54, 62, 64, 65, 66, 68, 75, 76, 77, 81, 82, 83, 85, 86, 90, 91, 94, 96, 99, 101, 103, 105, 106, 110, 113, 117, 120, 121, 123, 125, 130, 131, 133, 138, 140, 141, 142, 146, 149, 151, 152, 154, 155, 156, 157, 158, 160, 162, 163, 165, 167, 169, 171, 172, 176, 185, 186, 187, 190, 191, 197, 199, 200, 201, 202, 203, 204, 205, 207, 210, 214, 217, 218, 222, 225, 227, 229, 230, 232, 233, 234, 235, 236, 237, 238, 240, 243, 245, 247, 248, 250, 251, 257, 261, 262, 266, 268, 269, 276]}}, "logistic-regression": {"classes": ["Archaea", "Bacteria"], "confusion_matrix": [[131, 10], [58, 80]], "train_time": 0.5440858306363225, "test_time": 0.005001006089150906, "average_reduced_variance_ratio": 0.9999853557237793, "top1": {"accuracy": 0.7562169312169312, "misclassified_indexes": [257, 130, 261, 267, 141, 13, 276, 149, 151, 152, 25, 154, 155, 156, 157, 158, 31, 30, 161, 162, 160, 37, 165, 167, 169, 171, 172, 49, 180, 185, 187, 190, 191, 63, 199, 200, 201, 202, 203, 204, 77, 205, 83, 214, 217, 218, 220, 221, 222, 224, 225, 227, 229, 230, 232, 233, 234, 235, 236, 237, 238, 240, 243, 245, 246, 247, 248, 250]}}, "sgd": {"classes": ["Archaea", "Bacteria"], "confusion_matrix": [[116, 25], [29, 109]], "train_time": 0.34906566217541696, "test_time": 0.004109861701726914, "average_reduced_variance_ratio": 0.999985339818469, "top1": {"accuracy": 0.8060846560846562, "misclassified_indexes": [130, 260, 263, 136, 7, 9, 139, 267, 143, 17, 275, 276, 152, 25, 31, 37, 39, 169, 42, 47, 49, 179, 180, 182, 56, 185, 184, 190, 63, 191, 72, 73, 77, 205, 80, 83, 87, 88, 217, 218, 220, 222, 95, 224, 225, 230, 231, 232, 107, 238, 244, 246, 247, 127]}}, "linear-svm": {"classes": ["Archaea", "Bacteria"], "confusion_matrix": [[134, 7], [68, 70]], "train_time": 0.3883521793410182, "test_time": 0.008170238882303237, "average_reduced_variance_ratio": 0.9999852711948277, "top1": {"accuracy": 0.7313492063492064, "misclassified_indexes": [257, 130, 261, 262, 266, 267, 268, 269, 13, 142, 141, 146, 276, 149, 151, 152, 25, 154, 155, 156, 157, 158, 160, 161, 162, 163, 165, 37, 167, 41, 169, 171, 172, 176, 49, 180, 184, 185, 187, 190, 191, 199, 200, 201, 202, 203, 204, 205, 77, 207, 210, 214, 217, 218, 222, 224, 225, 227, 229, 230, 232, 233, 234, 235, 236, 237, 238, 240, 243, 245, 246, 247, 248, 250, 251]}}, "quadratic-svm": {"classes": ["Archaea", "Bacteria"], "confusion_matrix": [[130, 11], [100, 38]], "train_time": 0.44280797969549895, "test_time": 0.003620872460305691, "average_reduced_variance_ratio": 0.999985364317814, "top1": {"accuracy": 0.6021164021164022, "misclassified_indexes": [2, 13, 25, 40, 41, 49, 54, 77, 83, 96, 131, 141, 142, 144, 145, 146, 147, 148, 149, 151, 152, 153, 154, 155, 156, 157, 158, 160, 161, 162, 163, 164, 165, 166, 167, 168, 169, 171, 172, 173, 176, 180, 181, 183, 184, 185, 186, 187, 190, 191, 192, 196, 197, 199, 200, 201, 202, 203, 204, 205, 207, 208, 210, 213, 214, 216, 217, 218, 220, 221, 222, 223, 224, 225, 227, 229, 230, 231, 232, 233, 234, 235, 236, 237, 238, 239, 240, 242, 243, 244, 245, 246, 247, 248, 250, 251, 255, 256, 257, 259, 260, 261, 262, 263, 265, 266, 267, 268, 269, 276, 277]}}, "cubic-svm": {"classes": ["Archaea", "Bacteria"], "confusion_matrix": [[130, 11], [100, 38]], "train_time": 0.3888768279924989, "test_time": 0.0070590915158391, "average_reduced_variance_ratio": 0.9999853073892254, "top1": {"accuracy": 0.6018518518518517, "misclassified_indexes": [2, 11, 13, 25, 40, 41, 49, 54, 77, 96, 131, 141, 142, 144, 145, 146, 147, 148, 149, 151, 152, 153, 154, 155, 156, 157, 158, 160, 161, 162, 163, 164, 165, 166, 167, 168, 169, 171, 172, 173, 176, 180, 181, 183, 184, 185, 186, 187, 190, 191, 192, 196, 197, 199, 200, 201, 202, 203, 204, 205, 207, 208, 210, 213, 214, 216, 217, 218, 220, 221, 222, 223, 224, 225, 227, 229, 230, 231, 232, 233, 234, 235, 236, 237, 238, 239, 240, 242, 243, 244, 245, 246, 247, 248, 250, 251, 255, 256, 257, 259, 260, 261, 262, 263, 265, 266, 267, 268, 269, 276, 277]}}, "decision-tree": {"classes": ["Archaea", "Bacteria"], "confusion_matrix": [[100, 41], [43, 95]], "train_time": 0.44078514594584706, "test_time": 0.003839913196861744, "average_reduced_variance_ratio": 0.999985305554467, "top1": {"accuracy": 0.6986772486772488, "misclassified_indexes": [131, 5, 134, 6, 263, 11, 12, 142, 271, 16, 273, 18, 274, 147, 148, 22, 278, 25, 154, 32, 161, 162, 164, 167, 40, 39, 41, 171, 45, 174, 175, 51, 180, 182, 54, 56, 55, 184, 190, 63, 192, 67, 196, 68, 195, 71, 72, 200, 202, 75, 204, 205, 78, 207, 80, 74, 77, 82, 88, 221, 222, 93, 224, 96, 121, 97, 229, 230, 103, 101, 233, 234, 235, 107, 237, 238, 109, 113, 242, 244, 201, 246, 249, 126]}}, "random-forest": {"classes": ["Archaea", "Bacteria"], "confusion_matrix": [[64, 77], [28, 110]], "train_time": 0.6505647230893373, "test_time": 0.004210937209427357, "average_reduced_variance_ratio": 0.9999853825850383, "top1": {"accuracy": 0.6239417989417989, "misclassified_indexes": [1, 2, 5, 6, 9, 10, 11, 12, 13, 14, 16, 17, 19, 22, 23, 26, 28, 30, 31, 32, 34, 35, 37, 38, 39, 40, 41, 42, 44, 49, 51, 52, 53, 54, 56, 59, 63, 64, 65, 66, 67, 70, 71, 73, 74, 76, 77, 80, 83, 88, 90, 91, 94, 96, 97, 101, 103, 106, 107, 108, 109, 113, 114, 115, 116, 117, 122, 126, 129, 130, 131, 132, 133, 134, 136, 138, 139, 146, 156, 161, 166, 169, 170, 172, 176, 182, 185, 188, 190, 193, 195, 200, 201, 205, 207, 215, 220, 221, 222, 224, 235, 237, 257, 267, 268]}}, "adaboost": {"classes": ["Archaea", "Bacteria"], "confusion_matrix": [[107, 34], [34, 104]], "train_time": 0.9216150095686316, "test_time": 0.009040318988263607, "average_reduced_variance_ratio": 0.999985387225004, "top1": {"accuracy": 0.7562169312169311,