{"10-nearest-neighbors": {"classes": ["Archaea", "Bacteria"], "confusion_matrix": [[33, 12], [12, 30]], "train_time": 0.42089940030127765, "test_time": 0.0052538694813847545, "average_reduced_variance_ratio": 0.9999999999999998, "top1": {"accuracy": 0.725, "misclassified_indexes": [6, 9, 13, 14, 18, 22, 24, 32, 33, 36, 38, 43, 49, 53, 55, 56, 57, 64, 66, 69, 71, 72, 85, 86]}}, "nearest-centroid-mean": {"classes": ["Archaea", "Bacteria"], "confusion_matrix": [[34, 11], [28, 14]], "train_time": 0.3000140067189932, "test_time": 0.0030837848782539366, "average_reduced_variance_ratio": 1.0000000000000004, "top1": {"accuracy": 0.55, "misclassified_indexes": [6, 13, 15, 18, 19, 24, 32, 36, 38, 40, 44, 45, 49, 51, 52, 53, 55, 56, 57, 59, 60, 61, 62, 63, 64, 66, 69, 70, 71, 72, 74, 76, 78, 79, 80, 82, 83, 84, 86]}}, "nearest-centroid-median": {"classes": ["Archaea", "Bacteria"], "confusion_matrix": [[32, 13], [14, 28]], "train_time": 0.295773278363049, "test_time": 0.002214066497981548, "average_reduced_variance_ratio": 0.9999999999999994, "top1": {"accuracy": 0.6916666666666667, "misclassified_indexes": [6, 9, 13, 15, 18, 19, 24, 32, 33, 36, 38, 40, 44, 49, 53, 55, 56, 57, 60, 64, 66, 69, 71, 72, 79, 82, 86]}}, "logistic-regression": {"classes": ["Archaea", "Bacteria"], "confusion_matrix": [[45, 0], [7, 35]], "train_time": 0.3241935301572084, "test_time": 0.004153394512832165, "average_reduced_variance_ratio": 1.0, "top1": {"accuracy": 0.9180555555555555, "misclassified_indexes": [64, 66, 69, 71, 49, 53, 86]}}, "sgd": {"classes": ["Archaea", "Bacteria"], "confusion_matrix": [[34, 11], [2, 40]], "train_time": 0.292452497035265, "test_time": 0.0019597971811890604, "average_reduced_variance_ratio": 0.9999999999999997, "top1": {"accuracy": 0.8527777777777779, "misclassified_indexes": [32, 0, 66, 4, 36, 7, 8, 73, 42, 12, 17, 20, 31]}}, "linear-svm": {"classes": ["Archaea", "Bacteria"], "confusion_matrix": [[42, 3], [5, 37]], "train_time": 0.27530268505215644, "test_time": 0.0031051743775606156, "average_reduced_variance_ratio": 0.9999999999999997, "top1": {"accuracy": 0.9083333333333334, "misclassified_indexes": [66, 71, 43, 49, 18, 53, 86, 25]}}, "quadratic-svm": {"classes": ["Archaea", "Bacteria"], "confusion_matrix": [[40, 5], [15, 27]], "train_time": 0.36998461075127126, "test_time": 0.0054349744692444805, "average_reduced_variance_ratio": 0.9999999999999998, "top1": {"accuracy": 0.7722222222222223, "misclassified_indexes": [64, 66, 36, 69, 71, 72, 40, 73, 44, 79, 49, 82, 19, 18, 53, 86, 55, 56, 57, 60]}}, "cubic-svm": {"classes": ["Archaea", "Bacteria"], "confusion_matrix": [[39, 6], [15, 27]], "train_time": 0.3048281416296959, "test_time": 0.00547816064208746, "average_reduced_variance_ratio": 1.0000000000000002, "top1": {"accuracy": 0.7555555555555556, "misclassified_indexes": [13, 19, 36, 38, 40, 44, 49, 53, 55, 56, 57, 60, 64, 66, 69, 71, 72, 73, 79, 82, 86]}}, "decision-tree": {"classes": ["Archaea", "Bacteria"], "confusion_matrix": [[35, 10], [18, 24]], "train_time": 0.2723233211785555, "test_time": 0.0038455961272120475, "average_reduced_variance_ratio": 0.9999999999999997, "top1": {"accuracy": 0.6722222222222223, "misclassified_indexes": [1, 6, 7, 15, 18, 32, 33, 34, 42, 44, 47, 49, 50, 51, 52, 54, 57, 58, 61, 62, 64, 66, 68, 69, 74, 75, 82, 85]}}, "random-forest": {"classes": ["Archaea", "Bacteria"], "confusion_matrix": [[39, 6], [6, 36]], "train_time": 0.3417950339615345, "test_time": 0.004985534399747848, "average_reduced_variance_ratio": 0.9999999999999998, "top1": {"accuracy": 0.8597222222222222, "misclassified_indexes": [66, 35, 6, 7, 8, 38, 72, 43, 76, 82, 53, 56]}}, "adaboost": {"classes": ["Archaea", "Bacteria"], "confusion_matrix": [[39, 6], [12, 30]], "train_time": 0.636892081424594, "test_time": 0.004723644070327282, "average_reduced_variance_ratio": 0.9999999999999997, "top1": {"accuracy": 0.7916666666666666, "misclassified_indexes": [64, 32, 66, 35, 36, 38, 71, 7, 44, 77, 45, 49, 82, 50, 81, 85, 53, 86]}}, "gaussian-naive-bayes": {"classes": ["Archaea", "Bacteria"], "confusion_matrix": [[45, 0], [42, 0]], "train_time": 0.3667192878201604, "test_time": 0.003819192573428154, "average_reduced_variance_ratio": 0.9999999999999998, "top1": {"accuracy": 0.5222222222222223, "misclassified_indexes": [45, 46, 47, 48, 49, 50, 51, 52, 53, 54, 55, 56, 57, 58, 59, 60, 61, 62, 63, 64, 65, 66, 67, 68, 69, 70, 71, 72, 73, 74, 75, 76, 77, 78, 79, 80, 81, 82, 83, 84, 85, 86]}}, "lda": {"classes": ["Archaea", "Bacteria"], "confusion_matrix": [[31, 14], [30, 12]], "train_time": 0.26855239979922774, "test_time": 0.0014304980635643006, "average_reduced_variance_ratio": 1.0, "top1": {"accuracy": 0.4958333333333333, "misclassified_indexes": [0, 1, 3, 6, 8, 9, 11, 12, 17, 18, 26, 29, 36, 37, 45, 47, 50, 52, 53, 55, 56, 57, 60, 61, 62, 63, 64, 65, 66, 67, 68, 69, 70, 72, 73, 74, 75, 77, 79, 80, 81, 82, 84, 86]}}, "qda": {"classes": ["Archaea", "Bacteria"], "confusion_matrix": [[34, 11], [6, 36]], "train_time": 0.20245893206447363, "test_time": 0.002491230145096779, "average_reduced_variance_ratio": 0.9999999999999997, "top1": {"accuracy": 0.8069444444444445, "misclassified_indexes": [34, 67, 7, 39, 73, 72, 11, 12, 43, 49, 18, 81, 55, 25, 27, 28, 31]}}, "multilayer-perceptron": {"classes": ["Archaea", "Bacteria"], "confusion_matrix": [[43, 2], [6, 36]], "train_time": 0.6977061241865158, "test_time": 0.0004785815253853798, "average_reduced_variance_ratio": 1.0, "top1": {"accuracy": 0.9069444444444444, "misclassified_indexes": [66, 35, 69, 71, 49, 86, 25, 60]}}}