{"10-nearest-neighbors": {"classes": ["Archaea", "Bacteria"], "confusion_matrix": [[231, 61], [25, 260]], "train_time": 3.134124219790101, "test_time": 0.04563839137554169, "average_reduced_variance_ratio": 0.9999934569953088, "top1": {"accuracy": 0.8508469449485784, "misclassified_indexes": [4, 517, 5, 8, 9, 523, 16, 21, 22, 539, 31, 544, 543, 37, 39, 561, 51, 53, 55, 56, 57, 61, 64, 69, 74, 82, 88, 89, 90, 91, 115, 120, 122, 136, 139, 140, 143, 145, 146, 147, 148, 150, 152, 156, 162, 164, 171, 177, 181, 191, 201, 202, 206, 209, 211, 214, 215, 226, 229, 232, 241, 247, 253, 266, 268, 277, 282, 296, 297, 298, 324, 325, 336, 346, 354, 359, 361, 362, 386, 396, 415, 460, 463, 476, 500, 501]}}, "nearest-centroid-mean": {"classes": ["Archaea", "Bacteria"], "confusion_matrix": [[233, 59], [185, 100]], "train_time": 3.067297859303653, "test_time": 0.027916024439036846, "average_reduced_variance_ratio": 0.9999934417619414, "top1": {"accuracy": 0.5772534785238961, "misclassified_indexes": [513, 515, 516, 517, 519, 8, 521, 520, 523, 524, 14, 530, 531, 532, 533, 22, 537, 538, 27, 28, 539, 25, 544, 545, 547, 36, 37, 549, 551, 552, 553, 554, 555, 556, 557, 558, 46, 44, 561, 562, 565, 567, 568, 569, 573, 574, 575, 65, 69, 78, 80, 84, 90, 91, 94, 97, 99, 101, 113, 116, 117, 118, 121, 124, 142, 143, 146, 147, 150, 153, 156, 159, 171, 175, 177, 180, 181, 183, 191, 192, 197, 198, 202, 207, 212, 214, 220, 229, 239, 244, 248, 266, 271, 282, 286, 291, 292, 293, 294, 296, 297, 298, 299, 301, 303, 304, 305, 306, 308, 309, 310, 311, 312, 314, 315, 316, 317, 318, 320, 321, 323, 324, 325, 327, 328, 329, 330, 334, 335, 336, 337, 338, 339, 340, 341, 342, 343, 345, 347, 348, 349, 350, 351, 353, 354, 355, 356, 359, 360, 364, 366, 370, 371, 375, 376, 377, 379, 382, 384, 386, 388, 389, 390, 391, 392, 393, 394, 396, 397, 399, 401, 402, 404, 405, 406, 407, 408, 410, 411, 412, 413, 414, 415, 416, 418, 419, 421, 422, 426, 427, 428, 429, 432, 436, 437, 440, 441, 442, 443, 447, 449, 453, 454, 455, 456, 457, 458, 459, 460, 462, 463, 464, 466, 467, 468, 473, 474, 476, 478, 480, 482, 483, 484, 485, 492, 493, 494, 495, 496, 497, 498, 499, 500, 501, 502, 503, 504, 505, 506, 507, 508, 509, 510, 511]}}, "nearest-centroid-median": {"classes": ["Archaea", "Bacteria"], "confusion_matrix": [[219, 73], [103, 182]], "train_time": 2.798903229832649, "test_time": 0.01986286658793688, "average_reduced_variance_ratio": 0.9999934324888539, "top1": {"accuracy": 0.6951300665456747, "misclassified_indexes": [513, 516, 517, 4, 8, 521, 523, 14, 530, 531, 533, 22, 25, 538, 27, 28, 539, 31, 544, 545, 36, 549, 37, 39, 554, 555, 44, 556, 46, 561, 565, 567, 56, 574, 575, 64, 65, 69, 78, 80, 82, 84, 88, 90, 91, 94, 97, 99, 101, 113, 116, 117, 118, 121, 124, 142, 143, 145, 146, 147, 148, 150, 153, 156, 159, 164, 171, 175, 177, 180, 181, 183, 191, 192, 197, 198, 202, 207, 212, 214, 220, 226, 229, 232, 239, 244, 247, 248, 253, 266, 271, 282, 286, 291, 294, 296, 297, 298, 310, 312, 316, 317, 318, 321, 323, 324, 325, 327, 329, 334, 335, 336, 337, 338, 339, 342, 343, 347, 348, 349, 350, 353, 354, 359, 366, 370, 371, 376, 386, 388, 389, 392, 393, 394, 396, 399, 401, 402, 405, 407, 408, 411, 413, 414, 415, 416, 418, 421, 422, 426, 427, 428, 429, 436, 453, 456, 458, 459, 460, 463, 473, 474, 476, 483, 492, 493, 494, 497, 498, 500, 501, 504, 506, 509, 510, 511]}}, "logistic-regression": {"classes": ["Archaea", "Bacteria"], "confusion_matrix": [[280, 12], [25, 260]], "train_time": 3.0813170919194817, "test_time": 0.007878335006535054, "average_reduced_variance_ratio": 0.9999934170086885, "top1": {"accuracy": 0.9358741681790684, "misclassified_indexes": [386, 523, 396, 408, 538, 539, 28, 156, 415, 544, 296, 297, 427, 177, 561, 180, 181, 316, 318, 191, 324, 69, 325, 335, 336, 463, 212, 90, 476, 229, 359, 232, 116, 501, 500, 506, 510]}}, "sgd": {"classes": ["Archaea", "Bacteria"], "confusion_matrix": [[278, 14], [25, 260]], "train_time": 2.7122961010783913, "test_time": 0.018659768998622893, "average_reduced_variance_ratio": 0.9999934448706591, "top1": {"accuracy": 0.9325468844525107, "misclassified_indexes": [256, 4, 517, 262, 516, 390, 393, 394, 523, 396, 401, 402, 277, 408, 538, 28, 415, 418, 294, 433, 305, 177, 180, 181, 51, 316, 61, 318, 324, 463, 336, 212, 85, 354, 229, 361, 236, 369, 500]}}, "linear-svm": {"classes": ["Archaea", "Bacteria"], "confusion_matrix": [[276, 16], [18, 267]], "train_time": 2.8046480542048813, "test_time": 0.012582995370030403, "average_reduced_variance_ratio": 0.999993442352028, "top1": {"accuracy": 0.941016333938294, "misclassified_indexes": [4, 396, 148, 408, 538, 28, 156, 415, 544, 296, 427, 171, 177, 561, 180, 181, 316, 318, 191, 324, 325, 69, 336, 212, 214, 476, 229, 232, 362, 500, 116, 501, 247, 510]}}, "quadratic-svm": {"classes": ["Archaea", "Bacteria"], "confusion_matrix": [[281, 11], [123, 162]], "train_time": 2.858374106697738, "test_time": 0.01759473942220211, "average_reduced_variance_ratio": 0.9999934499102521, "top1": {"accuracy": 0.767816091954023, "misclassified_indexes": [513, 515, 516, 517, 521, 523, 530, 531, 532, 533, 538, 539, 28, 544, 545, 549, 552, 554, 555, 556, 44, 557, 561, 562, 565, 567, 574, 575, 69, 116, 156, 177, 180, 181, 212, 229, 244, 292, 294, 296, 297, 298, 299, 310, 312, 316, 317, 318, 320, 321, 323, 324, 325, 327, 329, 334, 335, 336, 337, 338, 339, 342, 343, 347, 348, 349, 350, 351, 353, 354, 359, 364, 366, 370, 371, 376, 382, 384, 386, 388, 389, 390, 392, 393, 394, 396, 399, 401, 402, 405, 406, 407, 408, 411, 413, 414, 415, 416, 418, 421, 422, 426, 427, 428, 429, 436, 442, 453, 454, 456, 458, 459, 460, 463, 467, 473, 474, 476, 478, 483, 492, 493, 494, 496, 497, 498, 500, 501, 503, 504, 506, 509, 510, 511]}}, "cubic-svm": {"classes": ["Archaea", "Bacteria"], "confusion_matrix": [[279, 13], [124, 161]], "train_time": 2.892505767568946, "test_time": 0.018047316558659078, "average_reduced_variance_ratio": 0.999993444315906, "top1": {"accuracy": 0.7626134301270417, "misclassified_indexes": [513, 515, 516, 517, 521, 523, 530, 531, 532, 533, 538, 539, 28, 544, 545, 549, 552, 554, 555, 556, 44, 561, 565, 567, 574, 575, 69, 90, 116, 156, 177, 180, 181, 183, 212, 229, 244, 292, 294, 296, 297, 298, 299, 310, 312, 316, 317, 318, 320, 321, 323, 324, 325, 327, 329, 334, 335, 336, 337, 338, 339, 342, 343, 347, 348, 349, 350, 351, 353, 354, 359, 364, 366, 370, 371, 376, 382, 384, 386, 388, 389, 390, 392, 393, 394, 396, 399, 401, 402, 404, 405, 406, 407, 408, 411, 412, 413, 414, 415, 416, 418, 421, 422, 426, 427, 428, 429, 436, 442, 453, 454, 456, 458, 459, 460, 463, 467, 473, 474, 476, 478, 483, 492, 493, 494, 496, 497, 498, 500, 501, 503, 504, 506, 507, 509, 510, 511]}}, "decision-tree": {"classes": ["Archaea", "Bacteria"], "confusion_matrix": [[238, 54], [85, 200]], "train_time": 2.912508511915803, "test_time": 0.010721566900610924, "average_reduced_variance_ratio": 0.9999934359906348, "top1": {"accuracy": 0.7592558983666062, "misclassified_indexes": [517, 518, 11, 14, 527, 529, 530, 21, 22, 25, 540, 543, 544, 549, 554, 555, 560, 564, 567, 56, 570, 573, 574, 576, 65, 69, 74, 84, 85, 88, 89, 91, 94, 97, 99, 107, 117, 118, 120, 125, 128, 133, 136, 142, 143, 145, 147, 148, 150, 153, 162, 171, 178, 180, 185, 194, 196, 201, 202, 206, 207, 211, 212, 215, 232, 245, 248, 253, 266, 268, 277, 286, 295, 296, 297, 300, 302, 303, 305, 307, 309, 312, 313, 318, 322, 324, 327, 331, 336, 337, 340, 345, 358, 362, 363, 365, 368, 372, 373, 374, 375, 378, 380, 385, 394, 396, 398, 402, 405, 411, 415, 418, 420, 423, 424, 427, 433, 436, 438, 439, 455, 458, 461, 467, 469, 471, 472, 475, 476, 477, 481, 485, 488, 489, 490, 491, 492, 495, 500]}}, "random-forest": {"classes": ["Archaea", "Bacteria"], "confusion_matrix": [[221, 71], [55, 230]], "train_time": 3.341406791843474, "test_time": 0.025440026074647903, "average_reduced_variance_ratio": 0.9999934436651241, "top1": {"accuracy": 0.7816696914700545,